50838,Sales Associate
3728282,General Merchandise Expert
154473,Style Associate
4276825,Closing Expert
4716798,Designated Business Owner
27174,Flow Team Member
64837,Team Member
33624,Guest Service Associate
699625,Food and Beverage Expert
4279,Software Engineer
42825,Executive Team Leader
50838,Sales Associate
27174,Flow Team Member
7710,Visual Merchandiser
375918,ETL-HR (HR Manager)
251534,In-stocks Team Member
63697,Manager
3921505,Backroom Expert
4716798,Designated Business Owner
27174,Flow Team Member
154473,Style Associate
3728282,General Merchandise Expert
4276825,Closing Expert
553048,Market Expert
805882,Guest Advocate
20709,Team Leader
28462,Sales Floor Team Member
25818,Style Consultant
28157,Sales Associate/Cashier
53520,Trash Collector
64837,Team Member
28671,Seasonal Sales Associate
17478,Senior Planner
46912,Operations Manager
27524,Front End Cashier
25818,Style Consultant
28462,Sales Floor Team Member
63697,Manager
64895,Tech Consultant
44836,Sales Representative
127071,Electronics Team Member
119187,Closing Specialist
11173,Senior Team Lead
7710,Visual Merchandiser
42825,Executive Team Leader
47759,Warehouse Worker
64837,Team Member
5345051,Checkout Advocate/Guest Advocate
50838,Sales Associate
6878,Clerk
137332,Starbucks-Barista
251534,In-stocks Team Member
25818,Style Consultant
25818,Style Consultant
137332,Starbucks-Barista
367031,Assitant-Manager
64895,Tech Consultant
3728282,General Merchandise Expert
16350,Human Resources Team Leader
64837,Team Member
27506,Front Desk Receptionist
2529,Associate
805882,Guest Advocate
3728282,General Merchandise Expert
4279,Software Engineer
484651,Food and Beverage Team Member
64837,Team Member
3416860,Style Team Member
28671,Seasonal Sales Associate
28462,Sales Floor Team Member
3603762,Fulfillment Expert
25818,Style Consultant
28671,Seasonal Sales Associate
12350,Business Operations Manager
210066,Social Media Freelancer
119187,Closing Specialist
3728282,General Merchandise Expert
64837,Team Member
34181,Human Resources Manager
4276825,Closing Expert
